{
	"format_version": "1.8.0",
	"animations": {
		"animation.model.reload": {
			"loop": true,
			"animation_length": 3.4333,
			"bones": {
				"main": {
					"rotation": {
						"0.0": {
							"vector": [0, 0, 0]
						},
						"0.2333": {
							"vector": [6.25903, 8.6535, 1.15944],
							"easing": "easeInOutSine"
						},
						"0.7": {
							"vector": [40.39518, -15.06168, 6.18279],
							"easing": "easeInSine"
						},
						"1.2": {
							"vector": [24.30477, 3.89997, 6.35779]
						},
						"1.3333": {
							"vector": [23.88025, 4.47067, 1.39664]
						},
						"1.5": {
							"vector": [21.91127, 5.4911, 0.65702]
						},
						"1.6667": {
							"vector": [20.43271, 2.46517, 3.533],
							"easing": "easeInOutSine"
						},
						"2.0667": {
							"vector": [9.16986, 3.18277, 0.05026],
							"easing": "easeInOutSine"
						},
						"2.2": {
							"vector": [9.20451, 3.08011, 0.68581]
						},
						"2.3667": {
							"vector": [9.1958, 2.3489, 0.5093]
						},
						"2.4667": {
							"vector": [9.19696, 3.10297, 0.54459]
						},
						"2.8": {
							"vector": [0.5826, -2.79055, 2.63851],
							"easing": "easeInOutSine"
						},
						"3.0167": {
							"vector": [0.32388, 0.39763, -2.15014]
						},
						"3.1167": {
							"vector": [0, 0, 0]
						}
					},
					"position": {
						"0.0": {
							"vector": [0, 0, 0]
						},
						"0.5": {
							"vector": [-9.125, -27.1, -9.875],
							"easing": "easeInOutSine"
						},
						"1.2": {
							"vector": [0, -20.775, 0]
						},
						"1.4333": {
							"vector": [-0.7, -13.3, -2.3]
						},
						"1.6333": {
							"vector": [-0.47, -7.845, -4.305]
						},
						"1.8667": {
							"vector": [-0.21, -5.385, -6.035]
						},
						"2.0": {
							"vector": [-0.335, -3.36, -5.78]
						},
						"2.1667": {
							"vector": [-0.29, -3.135, -5.87]
						},
						"2.2667": {
							"vector": [-0.3, -3.08, -6.05]
						},
						"2.3667": {
							"vector": [-0.325, -3.01, -6.915]
						},
						"2.4667": {
							"vector": [-0.21, -2.91, -6.035]
						},
						"2.8333": {
							"vector": [0.4, 0, -0.425],
							"easing": "easeInOutSine"
						},
						"2.9667": {
							"vector": [0.16, -0.15, 0.375]
						},
						"3.0667": {
							"vector": [0, 0, 0],
							"easing": "easeInOutSine"
						}
					}
				},
				"rightarm": {
					"rotation": {
						"0.0": {
							"vector": [0, 0, 0]
						},
						"2.0333": {
							"vector": [0, 0, 0]
						},
						"2.2": {
							"vector": [0.88577, 4.83091, 3.66679]
						},
						"2.3": {
							"vector": [0.88577, 4.83091, 3.66679]
						},
						"2.4667": {
							"vector": [1.61855, 4.66727, 3.65378]
						},
						"2.5667": {
							"vector": [1.61855, 4.66727, 3.65378]
						},
						"2.7": {
							"vector": [0, 0, 0]
						}
					},
					"position": {
						"0.0": {
							"vector": [0, 0, 0]
						},
						"2.0333": {
							"vector": [0, 0, 0]
						},
						"2.2": {
							"vector": [-2.925, 2.675, 1.75]
						},
						"2.3": {
							"vector": [-3.15, 2.675, 1.75]
						},
						"2.4": {
							"vector": [-3.17, 2.68, -2.25]
						},
						"2.4667": {
							"vector": [-3.17, 0.905, -2.25]
						},
						"2.5667": {
							"vector": [-2.92, 0.905, -2.25]
						},
						"2.7": {
							"vector": [0, 0, 0]
						}
					}
				},
				"leftarm": {
					"rotation": {
						"0.0": {
							"vector": [0, 0, 0]
						},
						"0.9667": {
							"vector": [0, 0, 0]
						},
						"1.5333": {
							"vector": [-3.87786, 4.1576, -15.59795]
						},
						"1.6667": {
							"vector": [-13.12786, 4.1576, -15.59795]
						},
						"1.7667": {
							"vector": [-13.12786, 4.1576, -15.59795]
						},
						"1.8333": {
							"vector": [-13.12786, 4.1576, -15.59795]
						},
						"1.9": {
							"vector": [-13.12786, 4.1576, -15.59795]
						},
						"2.0": {
							"vector": [-24.68166, 0.74398, -5.33566]
						},
						"2.1": {
							"vector": [-24.95268, 2.18953, -8.49535]
						},
						"2.1667": {
							"vector": [-24.95268, 2.18953, -8.49535]
						},
						"2.2333": {
							"vector": [-24.95268, 2.18953, -8.49535]
						},
						"2.4667": {
							"vector": [-24.95268, 2.18953, -8.49535]
						},
						"2.6667": {
							"vector": [0, 0, 0]
						}
					},
					"position": {
						"0.0": {
							"vector": [0, 0, 0]
						},
						"0.9667": {
							"vector": [0, 0, 0]
						},
						"1.5333": {
							"vector": [6.28868, 5.38479, 1.2172]
						},
						"1.6667": {
							"vector": [6.93868, 4.05979, -15.4078]
						},
						"1.7667": {
							"vector": [6.93868, 4.05979, -15.4078]
						},
						"1.8333": {
							"vector": [6.93868, 4.05979, -12.4078]
						},
						"1.9": {
							"vector": [6.93868, 4.05979, -12.4078]
						},
						"2.0": {
							"vector": [8.14, 0.01, -4.22]
						},
						"2.1": {
							"vector": [6.94, 2.76, 3.965]
						},
						"2.1667": {
							"vector": [6.94, 2.76, 3.965]
						},
						"2.2333": {
							"vector": [6.94, 2.76, -0.455]
						},
						"2.4667": {
							"vector": [6.94, 2.76, -0.455]
						},
						"2.6667": {
							"vector": [0, 0, 0]
						}
					}
				},
				"sight": {
					"rotation": {
						"0.0": {
							"vector": [0, 0, 0]
						},
						"0.8": {
							"vector": [0, 0, 0]
						},
						"0.9333": {
							"vector": [92.22278, 62.17172, 72.57014]
						},
						"2.2": {
							"vector": [92.22278, 62.17172, 72.57014]
						},
						"2.2667": {
							"vector": [0, 0, 0]
						}
					},
					"position": {
						"0.0": {
							"vector": [0, 0, 0]
						},
						"0.8": {
							"vector": [0, 0, 0]
						},
						"0.9333": {
							"vector": [-0.27399, -0.35785, 0]
						},
						"2.2": {
							"vector": [-0.27399, -0.35785, 0]
						},
						"2.2667": {
							"vector": [0, 0, 0]
						}
					}
				},
				"sight2": {
					"rotation": {
						"0.0": {
							"vector": [0, 0, 0]
						},
						"0.8": {
							"vector": [0, 0, 0]
						},
						"0.9333": {
							"vector": [-87.51255, -55.71779, 66.39392]
						},
						"1.8333": {
							"vector": [-87.51255, -55.71779, 66.39392]
						},
						"1.9": {
							"vector": [0, 0, 0]
						}
					},
					"position": {
						"0.0": {
							"vector": [0, 0, 0]
						},
						"0.8": {
							"vector": [0, 0, 0]
						},
						"0.9333": {
							"vector": [0.225, 0.15, -0.4]
						},
						"1.8333": {
							"vector": [0.225, 0.15, -0.4]
						},
						"1.9": {
							"vector": [0, 0, 0]
						}
					}
				},
				"cover2": {
					"rotation": {
						"0.0": {
							"vector": [0, 0, 0]
						},
						"0.8": {
							"vector": [0, 0, 0]
						},
						"0.9333": {
							"vector": [0, 0, 0]
						},
						"2.1667": {
							"vector": [0, 0, 0]
						},
						"2.2333": {
							"vector": [0, 0, 0]
						}
					},
					"position": {
						"0.0": {
							"vector": [0, 0, 0]
						},
						"0.8": {
							"vector": [0, 0, 0]
						},
						"0.9333": {
							"vector": [0, 0, 4]
						},
						"2.1667": {
							"vector": [0, 0, 4]
						},
						"2.2333": {
							"vector": [0, 0, 0]
						}
					}
				},
				"cover": {
					"rotation": {
						"0.0": {
							"vector": [0, 0, 0]
						},
						"0.8": {
							"vector": [0, 0, 0]
						},
						"0.9333": {
							"vector": [0, 0, 0]
						},
						"1.7667": {
							"vector": [0, 0, 0]
						},
						"1.8333": {
							"vector": [0, 0, 0]
						}
					},
					"position": {
						"0.0": {
							"vector": [0, 0, 0]
						},
						"0.8": {
							"vector": [0, 0, 0]
						},
						"0.9333": {
							"vector": [0, 0, -4.5]
						},
						"1.7667": {
							"vector": [0, 0, -4.5]
						},
						"1.8333": {
							"vector": [0, 0, 0]
						}
					}
				},
				"lever": {
					"rotation": {
						"0.0": {
							"vector": [-0.42695, 4.48913, 26.61094]
						},
						"2.3": {
							"vector": [-0.42695, 4.48913, 26.61094]
						},
						"2.4": {
							"vector": [-0.42695, 4.48913, 26.61094]
						},
						"2.4667": {
							"vector": [0, 0, 0]
						}
					},