{
	"format_version": "1.8.0",
	"animations": {
		"animation.model.draw": {
			"animation_length": 1.2,
			"bones": {
				"main": {
					"rotation": {
						"0.0": {
							"vector": [32.09413, -54.38778, -8.29667]
						},
						"0.2": {
							"vector": [0.58201, -1.04064, 2.6563],
							"easing": "easeInOutSine"
						},
						"0.2833": {
							"vector": [0.32388, 0.39763, -2.15014]
						},
						"0.3833": {
							"vector": [0, 0, 0]
						}
					},
					"position": {
						"0.0": {
							"vector": [0, -17.3, 0]
						},
						"0.15": {
							"vector": [0.4, -3, -2.6],
							"easing": "easeInOutSine"
						},
						"0.2333": {
							"vector": [0.16, -0.875, 0.6]
						},
						"0.3333": {
							"vector": [0, 0, 0]
						}
					}
				},
				"leftarm": {
					"rotation": {
						"0.0": {
							"vector": [0, 0, 0]
						},
						"0.2": {
							"vector": [1, 0, -22]
						},
						"0.4": {
							"vector": [0, 0, 0]
						}
					},
					"position": {
						"0.0": {
							"vector": [0, 0, 0]
						},
						"0.2": {
							"vector": [3.53901, 3.6754, 5.59783]
						},
						"0.4": {
							"vector": [0, 0, 0]
						}
					}
				},
				"_camera_": {
					"rotation": {
						"0.0": {
							"vector": [0, 0, 0]
						},
						"0.1667": {
							"vector": [1.24886, -0.50333, 0.0435]
						},
						"0.2667": {
							"vector": [0.44082, -0.01767, 1.01624]
						},
						"0.3833": {
							"vector": [0, 0, 0],
							"easing": "easeOutSine"
						}
					}
				}
			}
		},
		"animation.model.throw": {
			"animation_length": 1.4833,
			"bones": {
				"main": {
					"rotation": {
						"0.0": {
							"vector": [0, 0, 0]
						},
						"0.1": {
							"vector": [-3.38764, -4.66038, 7.01322]
						},
						"0.2167": {
							"vector": [-6.86943, -10.67461, 8.27835],
							"easing": "easeInOutSine"
						},
						"0.3333": {
							"vector": [-8.60345, -9.33309, 14.24501]
						},
						"0.4167": {
							"vector": [-6.99907, -5.81529, 4.85685]
						},
						"0.4833": {
							"vector": [-7.51411, -2.71059, 7.47576]
						},
						"0.55": {
							"vector": [-6.97616, -8.82384, 4.97632]
						},
						"0.7167": {
							"vector": [-35.60438, -16.97287, 8.8992],
							"easing": "easeInOutSine"
						},
						"0.8333": {
							"vector": [-36.25003, -15.35906, 11.21766]
						},
						"0.9": {
							"vector": [-36.25003, -15.35906, 11.21766]
						}
					},
					"position": {
						"0.0": {
							"vector": [0, 0, 0]
						},
						"0.15": {
							"vector": [-0.405, -3.05, 1.24],
							"easing": "easeInOutSine"
						},
						"0.25": {
							"vector": [-0.825, -2.425, 2.625],
							"easing": "easeOutSine"
						},
						"0.35": {
							"vector": [-0.505, -2.05, 2.005]
						},
						"0.4167": {
							"vector": [-1.8, -2.455, 2.01]
						},
						"0.5": {
							"vector": [-1.14, -2.9, 2.01],
							"easing": "easeInOutSine"
						},
						"0.5667": {
							"vector": [-0.87, -2.455, 2.01],
							"easing": "easeInOutSine"
						},
						"0.65": {
							"vector": [-3.42, -2.015, 11.125],
							"easing": "easeInSine"
						},
						"0.7167": {
							"vector": [-5.97, 2.3, 23.01],
							"easing": "easeOutSine"
						},
						"0.8": {
							"vector": [-5.57, 11.03, 38.015],
							"easing": "easeOutSine"
						},
						"0.8833": {
							"vector": [-5.57, 11.03, 38.015],
							"easing": "easeOutSine"
						}
					}
				},
				"grenade": {
					"rotation": {
						"0.0": {
							"vector": [0, 0, 0]
						},
						"0.9": {
							"vector": [0, 0, 0]
						},
						"1.0": {
							"vector": [29.79262, 34.49995, -79.5539]
						}
					},
					"position": {
						"0.0": {
							"vector": [0, 0, 0]
						},
						"0.9": {
							"vector": [0, 0, 0]
						},
						"0.95": {
							"vector": [-20.18864, -48.27634, -59.31615]
						},
						"1.0": {
							"vector": [-38.21449, -106.0069, -112.43478]
						}
					},
					"scale": {
						"0.8833": {
							"vector": [1, 1, 1]
						},
						"0.9": {
							"vector": [0, 0, 0]
						}
					}
				},
				"pin": {
					"rotation": {
						"0.0": {
							"vector": [0, 0, 0]
						},
						"0.2833": {
							"vector": [0, 0, 0]
						},
						"0.3667": {
							"vector": [0, 0, -35]
						}
					},
					"position": {
						"0.0": {
							"vector": [0, 0, 0]
						},
						"0.2833": {
							"vector": [0, 0, 0]
						}
					}
				},
				"rightarm": {
					"rotation": {
						"0.0": {
							"vector": [0, 0, -2.5]
						},
						"0.1167": {
							"vector": [-0.22062, 0.97949, 6.94526],
							"easing": "easeInOutSine"
						},
						"0.4167": {
							"vector": [-0.22062, 0.97949, 6.94526],
							"easing": "easeInOutSine"
						},
						"0.5": {
							"vector": [2.22064, -7.06004, -4.34666]
						},
						"0.9": {
							"vector": [2.22064, -7.06004, -4.34666]
						},
						"0.95": {
							"vector": [29.3349, 16.872, 6.2793]
						},
						"1.0167": {
							"vector": [63.54067, 11.88403, 12.85594]
						}
					},
					"position": {
						"0.0": {
							"vector": [0, 0, 0]
						},
						"0.1167": {
							"vector": [-0.83372, 1.32591, -0.00145],
							"easing": "easeInOutSine"
						},
						"0.4167": {
							"vector": [-0.83372, 1.32591, -0.00145],
							"easing": "easeInOutSine"
						},
						"0.5": {
							"vector": [-2.42908, 0.73796, -1.87114]
						},
						"0.9": {
							"vector": [-2.42908, 0.73796, -1.87114]
						},
						"0.95": {
							"vector": [-9.1551, -24.21683, -27.57408]
						},
						"1.0167": {
							"vector": [-5.80126, -34.58698, -6.48505]
						}
					}
				},
				"leftarm": {
					"rotation": {
						"0.0": {
							"vector": [0, 0, 0]
						},
						"0.1333": {
							"vector": [-69.69487, 33.26012, 26.2517],
							"easing": "easeOutSine"
						},
						"0.2333": {
							"vector": [-84.44933, 23.30687, 14.79004],
							"easing": "easeInOutSine"
						},
						"0.2833": {
							"vector": [-80.20154, 23.08152, 13.34791]
						},
						"0.3667": {
							"vector": [-70.2942, 23.40099, 17.84523]
						},
						"0.4333": {
							"vector": [-66.73792, 23.49536, 23.93959]
						},
						"0.55": {
							"vector": [-62.4206, 17.28705, 34.72133]
						},
						"0.8333": {
							"vector": [-31.27949, 11.07106, 52.1354]
						}
					},
					"position": {
						"0.0": {
							"vector": [0, 0, 0]
						},
						"0.1333": {
							"vector": [5.44561, -1.55595, -12.92032],
							"easing": "easeInOutSine"
						},
						"0.2333": {
							"vector": [-6.7435, -1.15995, -18.62303],
							"easing": "easeOutSine"
						},
						"0.2833": {
							"vector": [-6.42726, 0.65728, -18.93444]
						},
						"0.3667": {
							"vector": [-4.93259, 3.02118, -18.21754]
						},
						"0.4333": {
							"vector": [-3.54078, 3.30627, -17.28828]
						},
						"0.55": {
							"vector": [9.14361, -6.78405, -14.1231]
						},
						"0.8333": {
							"vector": [19.20835, -9.76009, -2.90629]
						}
					}
				},
				"pin2": {
					"rotation": {
						"0.0": {
							"vector": [0, 0, 0]
						},
						"0.3667": {
							"vector": [0, 0, 0]
						}
					},
					"position": {
						"0.0": {
							"vector": [0, 0, 0]
						},
						"0.3667": {
							"vector": [0, 0, 0]
						},
						"0.4333": {
							"vector": [2, 0, 0]
						},
						"0.55": {
							"vector": [11.86623, -12.76092, -5.24383]
						},
						"0.8333": {
							"vector": [20.09177, -25.88436, 1.95027]
						}
					},
					"scale": {
						"0.8833": {
							"vector": [1, 1, 1]
						},
						"0.9": {
							"vector": [0, 0, 0]
						}
					}
				},
				"_camera_": {
					"rotation": {
						"0.0": {
							"vector": [0, 0, 0]
						},
						"0.1833": {
							"vector": [1.50658, -0.25418, -0.0089],
							"easing": "easeInOutSine"
						},
						"0.2833": {
							"vector": [1.84015, -0.30752, 1.7403]
						},
						"0.3833": {
							"vector": [2.18788, -0.27165, 0.62548]
						},
						"0.45": {
							"vector": [1.9229, -0.94457, -1.70807]
						},
						"0.5333": {
							"vector": [1.50431, -0.26731, 0.49093]
						},