{
	"format_version": "1.8.0",
	"animations": {
		"animation.model.reload": {
			"loop": true,
			"animation_length": 3.7,
			"bones": {
				"main": {
					"rotation": {
						"0.0": {
							"vector": [0, 0, 0]
						},
						"0.1333": {
							"vector": [6.08747, -5.81927, 0.6697],
							"easing": "easeInSine"
						},
						"0.2667": {
							"vector": [22.26738, -17.42441, 8.30865]
						},
						"0.4333": {
							"vector": [37.18584, -25.67252, 7.23408]
						},
						"0.5667": {
							"vector": [39.21277, -25, 6.58933]
						},
						"0.6667": {
							"vector": [38.64749, -26.4, 7.89172]
						},
						"0.7333": {
							"vector": [38.80499, -25, 7.53387]
						},
						"0.9": {
							"vector": [39.17723, -26.2, 8.38959]
						},
						"1.1": {
							"vector": [39.07952, -24.45084, 7.25592]
						},
						"1.2667": {
							"vector": [38.99759, -24.05467, 7.3856]
						},
						"1.4333": {
							"vector": [39.77529, -23.53955, 7.28725]
						},
						"1.6667": {
							"vector": [39.6043, -22.97071, 6.22937]
						},
						"1.7667": {
							"vector": [39.40651, -22.83805, 6.66896]
						},
						"1.8333": {
							"vector": [39.76839, -22.58917, 5.69855]
						},
						"1.9333": {
							"vector": [39.64636, -23.29686, 5.98078]
						},
						"2.0667": {
							"vector": [41.19569, -23.37401, 5.76953]
						},
						"2.2": {
							"vector": [40.24372, -23.83371, 6.06244]
						},
						"2.3333": {
							"vector": [39.41796, -24.54687, 7.55125]
						},
						"2.4": {
							"vector": [39.51423, -24.41694, 7.0737]
						},
						"2.5": {
							"vector": [40.45602, -21.97183, 4.29528]
						},
						"2.5667": {
							"vector": [40.25649, -23.12645, 4.62714]
						},
						"2.7667": {
							"vector": [39.21784, -23.95113, 6.64532]
						},
						"3.0667": {
							"vector": [9.12567, -4.39669, 0.5454],
							"easing": "easeInSine"
						},
						"3.2333": {
							"vector": [-1.74911, -0.81072, -1.97618]
						},
						"3.3667": {
							"vector": [-1.02236, -0.41032, 1.87038]
						},
						"3.4667": {
							"vector": [-0.00218, 0.24999, -0.5]
						},
						"3.6": {
							"vector": [0, 0, 0]
						}
					},
					"position": {
						"0.0": {
							"vector": [0, 0, 0]
						},
						"0.1667": {
							"vector": [0, -7.28, -5.05],
							"easing": "easeInSine"
						},
						"0.2667": {
							"vector": [-0.325, -13.485, -7.62]
						},
						"0.4": {
							"vector": [0, -17.6, -10.2]
						},
						"0.5333": {
							"vector": [-0.125, -18.1, -9.875]
						},
						"0.7": {
							"vector": [0.005, -18.26, -9.9]
						},
						"0.8667": {
							"vector": [-0.125, -18.385, -10.27]
						},
						"1.0333": {
							"vector": [-0.235, -18.695, -10.535]
						},
						"1.2333": {
							"vector": [-0.085, -18.59, -10.225]
						},
						"1.4333": {
							"vector": [-0.22, -18.415, -9.87]
						},
						"1.6333": {
							"vector": [-0.2, -18.25, -9.55]
						},
						"1.8": {
							"vector": [-0.02, -18.1, -9.325]
						},
						"1.9": {
							"vector": [-0.02, -18.12, -9.675]
						},
						"1.9667": {
							"vector": [-0.02, -18.255, -10.045]
						},
						"2.1": {
							"vector": [-0.02, -18.8, -10.395]
						},
						"2.2": {
							"vector": [-0.27, -18.585, -10.085]
						},
						"2.3": {
							"vector": [-0.325, -18.625, -10.41]
						},
						"2.4333": {
							"vector": [-0.08, -18.51, -10.35]
						},
						"2.6": {
							"vector": [-0.165, -18.37, -9.945]
						},
						"2.7333": {
							"vector": [0, -18.25, -10.2]
						},
						"3.0667": {
							"vector": [-0.21, -2.91, -6.035],
							"easing": "easeInSine"
						},
						"3.2333": {
							"vector": [0, 0.925, -1.1]
						},
						"3.3333": {
							"vector": [0.075, -0.12, -0.055]
						},
						"3.4333": {
							"vector": [0, -0.075, 0.275]
						},
						"3.5667": {
							"vector": [0, 0, 0]
						}
					}
				},
				"rocket": {
					"rotation": {
						"0.0": {
							"vector": [0, 0, 0]
						},
						"0.5": {
							"vector": [0, 0, 0]
						},
						"0.6333": {
							"vector": [0, 0, 23.75]
						},
						"0.7": {
							"vector": [0, 0, 22]
						},
						"0.7333": {
							"vector": [0, 0, 22]
						},
						"0.9": {
							"vector": [0, 0, 22]
						},
						"1.0": {
							"vector": [-0.9992, 0.02835, 25.24988]
						},
						"1.2333": {
							"vector": [-19.55297, -23.71705, 8.27274],
							"easing": "easeInSine"
						},
						"1.3": {
							"vector": [-30.71491, -21.35991, 6.73896],
							"easing": "linear"
						},
						"1.3667": {
							"vector": [-30.71491, -21.35991, 6.73896],
							"easing": "linear"
						},
						"1.5": {
							"vector": [-19.55297, -23.71705, 8.27274],
							"easing": "linear"
						},
						"1.7667": {
							"vector": [-3.25433, -3.21642, 25.43427]
						},
						"1.8667": {
							"vector": [0, 2, 22]
						},
						"1.9667": {
							"vector": [0, 0, 22]
						},
						"2.1": {
							"vector": [0, 0, 22],
							"easing": "easeInQuad"
						},
						"2.2": {
							"vector": [0, 0, 23]
						},
						"2.2667": {
							"vector": [0, 0, 22.5]
						},
						"2.3667": {
							"vector": [0, 0, 22.75]
						},
						"2.4333": {
							"vector": [0, 0, 22]
						},
						"2.6": {
							"vector": [0, 0, -0.5]
						},
						"2.7": {
							"vector": [0, 0, 0]
						}
					},
					"position": {
						"0.0": {
							"vector": [0, 0, 0]
						},
						"0.5": {
							"vector": [0, 0, 0]
						},
						"0.6333": {
							"vector": [0, 0, 0]
						},
						"0.7": {
							"vector": [0, 0, 0]
						},
						"0.7333": {
							"vector": [0, 0, 0]
						},
						"0.9": {
							"vector": [0, 0, 7.05]
						},
						"1.0": {
							"vector": [-0.15114, -0.2446, 8.41316]
						},
						"1.2333": {
							"vector": [-5.94732, -11.73489, 19.69799],
							"easing": "easeInSine"
						},
						"1.3": {
							"vector": [-1.51559, -26.96868, 31.28597],
							"easing": "linear"
						},
						"1.3667": {
							"vector": [-1.51559, -26.96868, 31.28597],
							"easing": "linear"
						},
						"1.5": {
							"vector": [-5.94732, -11.73489, 19.69799],
							"easing": "linear"
						},
						"1.6333": {
							"vector": [-3.57, -4.74, 15.13],
							"easing": "linear"
						},
						"1.7667": {
							"vector": [-0.75114, -0.6946, 7.88816]
						},
						"1.8667": {
							"vector": [0.525, -0.325, 7.35]
						},
						"1.9667": {
							"vector": [0, 0, 7.05]
						},
						"2.1": {
							"vector": [0, 0, 0],
							"easing": "easeInQuad"
						},
						"2.2667": {
							"vector": [0, 0, 0]
						},
						"2.3667": {
							"vector": [0, 0, 0]
						},
						"2.4333": {
							"vector": [0, 0, 0]
						},
						"2.6": {
							"vector": [0, 0, 0]
						},
						"2.7": {
							"vector": [0, 0, 0]
						}
					}
				},
				"rightarm": {
					"rotation": {
						"0.0": {
							"vector": [0, 0, 0]
						},
						"0.1333": {
							"vector": [0, 0, 0]
						},
						"0.2333": {
							"vector": [-74.95014, 1.95636, 14.45679]
						},
						"0.3333": {
							"vector": [-93.17782, 4.52108, 19.27795]
						},
						"0.4333": {
							"vector": [-90.16162, 5.21018, 1.74706]
						},
						"0.5": {
							"vector": [-90.22959, 3.35881, 2.66105]
						},
						"0.6333": {
							"vector": [-87.94236, 7.02655, 26.84334]
						},
						"0.7333": {
							"vector": [-85.7193, 3.33519, 19.79772]
						},
						"0.9": {
							"vector": [-96.04292, 5.78645, 23.01944]
						},
						"1.0": {
							"vector": [-95.76002, 6.60687, 20.64415]
						},
						"1.2333": {
							"vector": [-111.01298, -5.1052, 18.98565],
							"easing": "easeInSine"
						},
						"1.3667": {
							"vector": [-111.01298, -5.1052, 18.98565],
							"easing": "linear"
						},
						"1.5": {
							"vector": [-111.01298, -5.1052, 18.98565],
							"easing": "linear"
						},
						"1.7667": {
							"vector": [-95.76002, 6.60687, 20.64415]
						},
						"1.8667": {
							"vector": [-96.04292, 5.78645, 23.01944]
						},